%time,field.header.seq,field.header.stamp,field.header.frame_id,field.wrench.force.x,field.wrench.force.y,field.wrench.force.z,field.wrench.torque.x,field.wrench.torque.y,field.wrench.torque.z
25573000000,0,25571000000,bracket_3_link,11.0811395225,-4.03282139172e-05,3.881895216,0.536888467311,-3.56030506913,0.920694009362
25582000000,1,25581000000,bracket_3_link,11.0811395221,-4.03281570435e-05,3.88189521599,0.536857027073,-3.56040954939,0.920740509369
25591000000,2,25591000000,bracket_3_link,11.0811395222,-4.03280725444e-05,3.8818952162,0.536903894554,-3.5602298905,0.920537488015
25601000000,3,25601000000,bracket_3_link,11.0811395222,-4.03280420601e-05,3.88189521639,0.536860561941,-3.56094629883,0.920464610622
25611000000,4,25611000000,bracket_3_link,11.0811395222,-4.03279830987e-05,3.88189521653,0.536473071633,-3.56179149508,0.920530577646
25621000000,5,25621000000,bracket_3_link,11.0811395222,-4.03279377929e-05,3.88189521688,0.536640059947,-3.56121360289,0.920650011625
25631000000,6,25631000000,bracket_3_link,11.0811395221,-4.03278561872e-05,3.88189521694,0.536868849989,-3.55994628804,0.920639034709
25641000000,7,25641000000,bracket_3_link,11.0811395221,-4.03278381301e-05,3.88189521716,0.536820641765,-3.56060021535,0.920405875223
25651000000,8,25651000000,bracket_3_link,11.0811395223,-4.03277679281e-05,3.88189521752,0.536664922721,-3.56191568891,0.920357344816
25660000000,9,25661000000,bracket_3_link,11.0811395221,-4.03277061591e-05,3.88189521764,0.536698375604,-3.56133938312,0.92066541809
25671000000,10,25671000000,bracket_3_link,11.0811395217,-4.03276205476e-05,3.88189521759,0.536957747978,-3.55940935442,0.920953118282
25681000000,11,25681000000,bracket_3_link,11.0811395219,-4.03275775158e-05,3.88189521782,0.53638072864,-3.56138087386,0.920795107022
25691000000,12,25691000000,bracket_3_link,11.081139522,-4.03275224116e-05,3.88189521817,0.536441132165,-3.56161532744,0.92047387147
25701000000,13,25701000000,bracket_3_link,11.0811395218,-4.03274519107e-05,3.88189521826,0.536685280364,-3.5611748414,0.920621065755
25711000000,14,25711000000,bracket_3_link,11.0811395218,-4.03273689361e-05,3.88189521856,0.53662264823,-3.56141701973,0.920555231841
25721000000,15,25721000000,bracket_3_link,11.0811395216,-4.03273188457e-05,3.88189521839,0.537073827773,-3.55956320725,0.920839281484
25731000000,16,25731000000,bracket_3_link,11.0811395217,-4.03272429663e-05,3.88189521871,0.536843935842,-3.56023157987,0.920930181999
25741000000,17,25741000000,bracket_3_link,11.0811395216,-4.03271891108e-05,3.88189521879,0.536806483893,-3.56034193084,0.92094180444
25751000000,18,25751000000,bracket_3_link,11.0811395213,-4.03271473763e-05,3.88189521881,0.537046673397,-3.55949693974,0.920742197479
25761000000,19,25761000000,bracket_3_link,11.0811395213,-4.0327104019e-05,3.88189521908,0.536825906869,-3.5598348377,0.920983352482
25771000000,20,25771000000,bracket_3_link,11.0811395215,-4.0327003077e-05,3.88189521934,0.536893952817,-3.56046161135,0.920756410583
25781000000,21,25781000000,bracket_3_link,11.0811395213,-4.03270037919e-05,3.88189521951,0.536527603055,-3.56114211486,0.920815803757
25791000000,22,25791000000,bracket_3_link,11.0811395212,-4.03268799458e-05,3.88189521961,0.536822455233,-3.55971045028,0.921125059692
25801000000,23,25801000000,bracket_3_link,11.0811395211,-4.03268633965e-05,3.88189521968,0.536985037582,-3.55946809835,0.920805789608
25811000000,24,25811000000,bracket_3_link,11.081139521,-4.03268179151e-05,3.88189521981,0.536701893706,-3.56075712252,0.920749867184
25823000000,25,25821000000,bracket_3_link,11.0811395212,-4.03267231717e-05,3.88189522016,0.536905818566,-3.56024603474,0.92081472495
25831000000,26,25831000000,bracket_3_link,11.0811395208,-4.0326705011e-05,3.88189522023,0.536893527633,-3.55990241058,0.92073490232
25841000000,27,25841000000,bracket_3_link,11.0811395211,-4.03266131025e-05,3.8818952205,0.536602714944,-3.56116610543,0.920604187866
25851000000,28,25851000000,bracket_3_link,11.0811395206,-4.03265926457e-05,3.88189522051,0.536921130399,-3.56014249694,0.920579701332
25861000000,29,25861000000,bracket_3_link,11.0811395209,-4.03265063341e-05,3.8818952209,0.536983374731,-3.55988628325,0.920912767499
25871000000,30,25871000000,bracket_3_link,11.0811395207,-4.0326468987e-05,3.88189522088,0.536722671379,-3.56020199734,0.92077444934
25881000000,31,25881000000,bracket_3_link,11.0811395206,-4.03263961949e-05,3.88189522109,0.536680556809,-3.56125253843,0.920556753826
25891000000,32,25891000000,bracket_3_link,11.0811395204,-4.0326327553e-05,3.8818952212,0.537031106732,-3.55908594166,0.920798118906
25898000000,33,25901000000,bracket_3_link,11.0811395205,-4.03262807805e-05,3.88189522137,0.53691489963,-3.55930571026,0.920923992377
25911000000,34,25911000000,bracket_3_link,11.0811395205,-4.03261874558e-05,3.88189522159,0.536636561089,-3.56073619616,0.920868086223
25921000000,35,25921000000,bracket_3_link,11.0811395203,-4.03261203068e-05,3.88189522157,0.537157467154,-3.5592123038,0.920835029593
25931000000,36,25931000000,bracket_3_link,11.0811395202,-4.03260736244e-05,3.88189522178,0.53693513339,-3.56004254735,0.920795963003
25941000000,37,25941000000,bracket_3_link,11.0811395201,-4.0326032591e-05,3.88189522194,0.537026809346,-3.55925900793,0.920941225554
25951000000,38,25951000000,bracket_3_link,11.0811395202,-4.03259383916e-05,3.8818952223,0.53667167015,-3.56147391451,0.920536509059
25961000000,39,25961000000,bracket_3_link,11.0811395204,-4.0325913972e-05,3.88189522271,0.536489413894,-3.56204557129,0.920422998223
25972000000,40,25971000000,bracket_3_link,11.08113952,-4.03258228039e-05,3.88189522259,0.53686917039,-3.56076635085,0.920585904338
25981000000,41,25981000000,bracket_3_link,11.0811395203,-4.03257661942e-05,3.88189522295,0.536645794096,-3.56190358108,0.920401710544
25991000000,42,25991000000,bracket_3_link,11.0811395199,-4.0325715654e-05,3.88189522298,0.537169984849,-3.55963771459,0.920753753277
26001000000,43,26001000000,bracket_3_link,11.0811395198,-4.03256264873e-05,3.88189522314,0.536883147858,-3.5599174676,0.920693125729
26011000000,44,26011000000,bracket_3_link,11.0811395199,-4.03255911853e-05,3.88189522337,0.536823059076,-3.56088867415,0.920475754898
26021000000,45,26021000000,bracket_3_link,11.0811395198,-4.03255434124e-05,3.88189522352,0.536683640272,-3.56167770075,0.920467698504
26031000000,46,26031000000,bracket_3_link,11.0811395198,-4.0325479969e-05,3.88189522381,0.536565901235,-3.56183508645,0.920477497072
26041000000,47,26041000000,bracket_3_link,11.0811395199,-4.03254340748e-05,3.88189522382,0.536707657984,-3.56093032373,0.920484781274
26051000000,48,26051000000,bracket_3_link,11.0811395198,-4.03253589097e-05,3.88189522407,0.536309742605,-3.56280222464,0.92047207338
26061000000,49,26061000000,bracket_3_link,11.0811395199,-4.03253228447e-05,3.88189522433,0.536742727584,-3.56143863491,0.92035818455
26071000000,50,26071000000,bracket_3_link,11.0811395196,-4.03252726052e-05,3.88189522435,0.53646689877,-3.561537646,0.920652022065
26081000000,51,26081000000,bracket_3_link,11.0811395195,-4.03251943245e-05,3.88189522461,0.536535545029,-3.56174337407,0.920487410545
26091000000,52,26091000000,bracket_3_link,11.0811395195,-4.03251296749e-05,3.88189522455,0.53671926881,-3.56140801613,0.920488371668
26101000000,53,26101000000,bracket_3_link,11.0811395197,-4.03250710413e-05,3.88189522512,0.536496959527,-3.56318732086,0.920279359503
26111000000,54,26111000000,bracket_3_link,11.0811395193,-4.03250303836e-05,3.88189522501,0.536912709494,-3.56128095963,0.920463295612
26121000000,55,26121000000,bracket_3_link,11.0811395193,-4.03249536978e-05,3.88189522516,0.536770829574,-3.56096374627,0.920440968061
26131000000,56,26131000000,bracket_3_link,11.0811395196,-4.03248881536e-05,3.88189522547,0.53667922561,-3.56163849594,0.920507403706
26141000000,57,26141000000,bracket_3_link,11.0811395191,-4.03248308527e-05,3.88189522553,0.536936465387,-3.5601552056,0.920644439039
26151000000,58,26151000000,bracket_3_link,11.0811395193,-4.03247646952e-05,3.88189522577,0.536856850424,-3.56117174117,0.920424016603
26161000000,59,26161000000,bracket_3_link,11.0811395194,-4.03246936682e-05,3.88189522595,0.536409315291,-3.56206449965,0.920710894614
26171000000,60,26171000000,bracket_3_link,11.0811395189,-4.03246428866e-05,3.8818952259,0.536859344779,-3.5600048707,0.920694123237
26181000000,61,26181000000,bracket_3_link,11.081139519,-4.03246376608e-05,3.88189522609,0.536731100995,-3.56064969288,0.920559911585
26191000000,62,26191000000,bracket_3_link,11.0811395188,-4.03245015624e-05,3.88189522626,0.536827140516,-3.56073561623,0.92077943511
26201000000,63,26201000000,bracket_3_link,11.0811395189,-4.03244851199e-05,3.88189522646,0.53707560158,-3.55888326497,0.9209363417
26210000000,64,26211000000,bracket_3_link,11.0811395187,-4.03244006715e-05,3.88189522663,0.536832285078,-3.5603705645,0.92068173155
26221000000,65,26221000000,bracket_3_link,11.0811395187,-4.0324375188e-05,3.88189522673,0.536781692458,-3.56031832219,0.920569987261
26231000000,66,26231000000,bracket_3_link,11.0811395188,-4.03243088921e-05,3.88189522698,0.536604267257,-3.56139484587,0.920683237956
26241000000,67,26241000000,bracket_3_link,11.0811395184,-4.03242400471e-05,3.8818952268,0.536828809708,-3.56067112371,0.92071020564
26251000000,68,26251000000,bracket_3_link,11.0811395183,-4.03241741362e-05,3.88189522713,0.536743676588,-3.56053453889,0.92075263797
26261000000,69,26261000000,bracket_3_link,11.0811395182,-4.03241052851e-05,3.88189522728,0.537072024901,-3.55893509341,0.920959345488
26271000000,70,26271000000,bracket_3_link,11.0811395183,-4.03240552121e-05,3.88189522754,0.536891709796,-3.56007376326,0.920985746446
26281000000,71,26281000000,bracket_3_link,11.0811395183,-4.03239790057e-05,3.88189522775,0.536609930635,-3.56074619808,0.920789355421
26291000000,72,26291000000,bracket_3_link,11.0811395183,-4.03239303381e-05,3.88189522794,0.536725451815,-3.56105460958,0.920725640352
26301000000,73,26301000000,bracket_3_link,11.0811395181,-4.03238826155e-05,3.88189522811,0.536833522358,-3.56025431702,0.92096584295
26311000000,74,26311000000,bracket_3_link,11.081139518,-4.03238539316e-05,3.88189522828,0.536837428455,-3.56071509476,0.920554022023
26320000000,75,26321000000,bracket_3_link,11.0811395182,-4.0323752342e-05,3.88189522861,0.536444644707,-3.56150130583,0.920590119212
26331000000,76,26331000000,bracket_3_link,11.0811395181,-4.03236802462e-05,3.88189522877,0.536845860761,-3.56026495873,0.920642274565
26341000000,77,26341000000,bracket_3_link,11.0811395178,-4.03236416672e-05,3.88189522865,0.537199896767,-3.55801861405,0.921064171967
26351000000,78,26351000000,bracket_3_link,11.0811395179,-4.03235646016e-05,3.881895229,0.536998860453,-3.56025542313,0.920709869388
26360000000,79,26361000000,bracket_3_link,11.0811395178,-4.03235111002e-05,3.88189522909,0.536756552246,-3.56039784086,0.920733788052
26370000000,80,26371000000,bracket_3_link,11.0811395178,-4.03234212387e-05,3.88189522938,0.536606720205,-3.56098660431,0.920844535552
26381000000,81,26381000000,bracket_3_link,11.0811395181,-4.03234115066e-05,3.88189522964,0.536570078902,-3.56218199079,0.920481131149
26391000000,82,26391000000,bracket_3_link,11.0811395178,-4.03233420545e-05,3.88189522971,0.536879736594,-3.560448375,0.920810304932
26401000000,83,26401000000,bracket_3_link,11.0811395175,-4.03232863186e-05,3.88189522968,0.536790168108,-3.56062357296,0.920687934636
26411000000,84,26411000000,bracket_3_link,11.0811395176,-4.03232263894e-05,3.88189522979,0.536875564715,-3.56002512228,0.920821784827
26421000000,85,26421000000,bracket_3_link,11.0811395173,-4.03231792027e-05,3.88189522997,0.537086957775,-3.55874496736,0.920994226436
26431000000,86,26431000000,bracket_3_link,11.0811395173,-4.03231296241e-05,3.8818952302,0.536855068232,-3.56002200149,0.920721916318
26441000000,87,26441000000,bracket_3_link,11.0811395175,-4.0323079686e-05,3.88189523039,0.536876710208,-3.5597193387,0.920852120175
26450000000,88,26451000000,bracket_3_link,11.0811395172,-4.03230020163e-05,3.88189523052,0.53678005918,-3.56064835894,0.920714186656
26461000000,89,26461000000,bracket_3_link,11.0811395173,-4.03229379162e-05,3.8818952307,0.536832423673,-3.56007599299,0.92081926475
26471000000,90,26471000000,bracket_3_link,11.0811395171,-4.03228664229e-05,3.88189523072,0.536759181541,-3.56023331933,0.920818320873
26481000000,91,26481000000,bracket_3_link,11.0811395169,-4.03228003174e-05,3.88189523095,0.537060987016,-3.55971349858,0.920630823415
26491000000,92,26491000000,bracket_3_link,11.081139517,-4.03227387707e-05,3.88189523105,0.536960344884,-3.5598012626,0.92085181128
26501000000,93,26501000000,bracket_3_link,11.081139517,-4.03226915252e-05,3.88189523148,0.537113449076,-3.55895788055,0.92094410764
26511000000,94,26511000000,bracket_3_link,11.0811395171,-4.03226191232e-05,3.88189523168,0.536973398754,-3.55973779499,0.920913857108
26521000000,95,26521000000,bracket_3_link,11.0811395167,-4.03226127833e-05,3.88189523155,0.536845794366,-3.55994190726,0.920643813845
26531000000,96,26531000000,bracket_3_link,11.0811395169,-4.03224929985e-05,3.88189523207,0.536820411283,-3.56151418109,0.920492540388
26541000000,97,26541000000,bracket_3_link,11.081139517,-4.03224511736e-05,3.88189523222,0.536469090069,-3.56223695839,0.9202785628
26551000000,98,26551000000,bracket_3_link,11.0811395169,-4.03224170459e-05,3.88189523244,0.536464690475,-3.56260991032,0.920398244603
26561000000,99,26561000000,bracket_3_link,11.0811395166,-4.03223588316e-05,3.88189523253,0.536258580225,-3.56329290137,0.920329925856
26571000000,100,26571000000,bracket_3_link,11.0811237489,-4.0320119769e-05,3.88194024278,0.53668288576,-3.56142819096,0.920449926335
26581000000,101,26581000000,bracket_3_link,11.0810165122,-4.03085317182e-05,3.88224633918,0.537033585863,-3.55975077361,0.92060990125
26591000000,102,26591000000,bracket_3_link,11.0807347806,-4.02868214725e-05,3.8830503862,0.536693234991,-3.5603556175,0.920218828038
26601000000,103,26601000000,bracket_3_link,11.0802043454,-4.02561787506e-05,3.88456371433,0.536962252252,-3.55960776481,0.920131824189
26611000000,104,26611000000,bracket_3_link,11.0793593434,-4.02181086709e-05,3.88697313131,0.536874956024,-3.56008988396,0.91982738928
26621000000,105,26621000000,bracket_3_link,11.0781417703,-4.01739230304e-05,3.89044194172,0.536528039565,-3.56146369195,0.919146899717
26631000000,106,26631000000,bracket_3_link,11.0765009888,-4.01248807538e-05,3.89511096512,0.536616803115,-3.56035252784,0.918584523682
26641000000,107,26641000000,bracket_3_link,11.0743932482,-4.00722165457e-05,3.9010995586,0.536169251457,-3.56233781921,0.917389425432
26651000000,108,26651000000,bracket_3_link,11.0717812206,-4.00170573233e-05,3.90850664453,0.535861963369,-3.56332960043,0.916097558535
26661000000,109,26661000000,bracket_3_link,11.0686335566,-3.99603292908e-05,3.91741174378,0.536014528746,-3.56348267031,0.914800123707
26671000000,110,26671000000,bracket_3_link,11.0649244708,-3.99032080187e-05,3.92787602029,0.535779620856,-3.56380668028,0.912777868017
26681000000,111,26681000000,bracket_3_link,11.0606333509,-3.98463455606e-05,3.9399433317,0.535245681835,-3.56495144383,0.911053242431
26691000000,112,26691000000,bracket_3_link,11.0557443946,-3.9790655558e-05,3.95364128983,0.535055204359,-3.56489979731,0.909109212106
26701000000,113,26701000000,bracket_3_link,11.0502462782,-3.97368325302e-05,3.96898233138,0.534453381548,-3.5672004541,0.906197907683
26711000000,114,26711000000,bracket_3_link,11.0441318447,-3.96855015398e-05,3.98596479543,0.534008902831,-3.56863116189,0.903465722111
26721000000,115,26721000000,bracket_3_link,11.0373978161,-3.963725269e-05,4.00457400934,0.533322855481,-3.5705994432,0.900429832124
26731000000,116,26731000000,bracket_3_link,11.030044527,-3.95925964127e-05,4.02478338129,0.532987607963,-3.57130626062,0.89733940891
26741000000,117,26741000000,bracket_3_link,11.0220756715,-3.95519621275e-05,4.04655549957,0.532620229547,-3.57295022223,0.893445708738
26751000000,118,26751000000,bracket_3_link,11.0134980619,-3.95156534524e-05,4.06984323483,0.53207842083,-3.57533538767,0.889637343023
26761000000,119,26761000000,bracket_3_link,11.0043213926,-3.94840746833e-05,4.09459084552,0.531606446265,-3.57534184246,0.885656795907
26771000000,120,26771000000,bracket_3_link,10.9945580096,-3.94573388161e-05,4.12073508796,0.531311526714,-3.57684049382,0.881536848993
26781000000,121,26781000000,bracket_3_link,10.9842226758,-3.94357510397e-05,4.1482063233,0.530009813616,-3.58131387084,0.876740278028
26791000000,122,26791000000,bracket_3_link,10.9733323282,-3.94192978334e-05,4.17692962497,0.529628560192,-3.58138129746,0.872449603492
26801000000,123,26801000000,bracket_3_link,10.9619058305,-3.94081100215e-05,4.20682588562,0.529174247019,-3.58394265629,0.867029473428
26811000000,124,26811000000,bracket_3_link,10.9499637052,-3.94021005755e-05,4.2378129176,0.528315974449,-3.58668323089,0.862066063067
26821000000,125,26821000000,bracket_3_link,10.937527851,-3.94013234674e-05,4.26980654957,0.527296229241,-3.59032589176,0.856594353607
26831000000,126,26831000000,bracket_3_link,10.9246212419,-3.94056388443e-05,4.30272171777,0.526980785201,-3.59017362202,0.851559889573
26841000000,127,26841000000,bracket_3_link,10.9112675995,-3.94148298625e-05,4.33647354916,0.525873018808,-3.59503175009,0.845495068027
26851000000,128,26851000000,bracket_3_link,10.8974910414,-3.94287614909e-05,4.37097843455,0.525101363212,-3.59801382635,0.839704991624
26861000000,129,26861000000,bracket_3_link,10.8833157056,-3.94471413028e-05,4.40615509589,0.525034328383,-3.5981190479,0.833877640489
26871000000,130,26871000000,bracket_3_link,10.8687653434,-3.94697071283e-05,4.44192564053,0.523900428198,-3.60168785551,0.827973028796
26881000000,131,26881000000,bracket_3_link,10.8538628857,-3.94961048911e-05,4.47821660465,0.523316944297,-3.60403804079,0.821724949563
26891000000,132,26891000000,bracket_3_link,10.8386299796,-3.95260013255e-05,4.5149599865,0.522761108566,-3.60618854471,0.81580275729
26901000000,133,26901000000,bracket_3_link,10.8230864965,-3.95589526709e-05,4.55209426693,0.522216319647,-3.60947468067,0.809376386928
26911000000,134,26911000000,bracket_3_link,10.8072500122,-3.9594551227e-05,4.58956541693,0.521651041468,-3.61118400338,0.803029352549
26921000000,135,26921000000,bracket_3_link,10.7911352566,-3.96322998472e-05,4.62732789367,0.521149566018,-3.6132989006,0.796910285826
26931000000,136,26931000000,bracket_3_link,10.774753538,-3.9671707348e-05,4.66534562267,0.520504496738,-3.61686778745,0.79015964588
26941000000,137,26941000000,bracket_3_link,10.7581121392,-3.97122299891e-05,4.70359296679,0.519887448411,-3.61844754423,0.78397450752
26951000000,138,26951000000,bracket_3_link,10.7412136892,-3.97533036554e-05,4.74205568325,0.519604930756,-3.6195084614,0.777461033298
26961000000,139,26961000000,bracket_3_link,10.7240555052,-3.97942633519e-05,4.78073186527,0.518808418803,-3.62421979109,0.770789292586
26971000000,140,26971000000,bracket_3_link,10.7066289122,-3.98346198263e-05,4.81963287005,0.518366711509,-3.62673133209,0.764036807533
26981000000,141,26981000000,bracket_3_link,10.6889185358,-3.98736083348e-05,4.85878423337,0.518048872315,-3.62817828886,0.757609472987
26991000000,142,26991000000,bracket_3_link,10.6709015653,-3.99106563846e-05,4.89822656671,0.517495124627,-3.63154395244,0.750578915245
26999000000,143,27001000000,bracket_3_link,10.6525469906,-3.99450034351e-05,4.93801643807,0.51714100011,-3.63401686065,0.743600315885
27011000000,144,27011000000,bracket_3_link,10.6338148068,-3.99759266831e-05,4.97822723436,0.517080248387,-3.63487407858,0.737042781706
27021000000,145,27021000000,bracket_3_link,10.6146551819,-4.00027291391e-05,5.01895000202,0.516665708262,-3.63790580857,0.730070133168
27031000000,146,27031000000,bracket_3_link,10.5950075855,-4.00246264534e-05,5.06029426244,0.516592615992,-3.6391587884,0.723018020369
27038000000,147,27041000000,bracket_3_link,10.5747998707,-4.00408456345e-05,5.10238880046,0.515921586368,-3.64344667403,0.715496858903
27051000000,148,27051000000,bracket_3_link,10.5539390747,-4.00497983887e-05,5.14539928262,0.515643860093,-3.64613473995,0.708113395728
27061000000,149,27061000000,bracket_3_link,10.5321924628,-4.00388824443e-05,5.18976740165,0.515447352125,-3.64828453355,0.700572239647
27071000000,150,27071000000,bracket_3_link,10.5092693046,-4.00050996837e-05,5.23603116816,0.51578609308,-3.64910006639,0.692725985217
27081000000,151,27081000000,bracket_3_link,10.4849553171,-3.99558961446e-05,5.28455065782,0.515406378083,-3.65332189459,0.683944592767
27091000000,152,27091000000,bracket_3_link,10.4591097326,-3.98990580885e-05,5.33552126613,0.515227492033,-3.65563462212,0.675499868349
27101000000,153,27101000000,bracket_3_link,10.4316580383,-3.98413014754e-05,5.38899564588,0.515548871307,-3.65781596521,0.666037143469
27111000000,154,27111000000,bracket_3_link,10.4025845854,-3.97881980814e-05,5.44490563354,0.51546635445,-3.66198278859,0.656112475184
27121000000,155,27121000000,bracket_3_link,10.3719250087,-3.97442256663e-05,5.50308413036,0.515507028051,-3.66532429325,0.645826466321
27131000000,156,27131000000,bracket_3_link,10.3397583311,-3.97126441903e-05,5.56328687914,0.516377778732,-3.66508382794,0.63576270324
27141000000,157,27141000000,bracket_3_link,10.3061986164,-3.96956917508e-05,5.62521406316,0.516685023074,-3.66856060336,0.62479367903
27151000000,158,27151000000,bracket_3_link,10.2713860246,-3.96946724091e-05,5.68853164401,0.517160317637,-3.67164857228,0.61343675157
27161000000,159,27161000000,bracket_3_link,10.2354771537,-3.97097535442e-05,5.75289236301,0.517691875883,-3.67478440869,0.602140723646
27171000000,160,27171000000,bracket_3_link,10.1986345733,-3.97402513185e-05,5.81795633609,0.518621310614,-3.67601615353,0.590845215017
27181000000,161,27181000000,bracket_3_link,10.1610154957,-3.97845268347e-05,5.88341118669,0.519391784736,-3.67914253538,0.579187252688
27191000000,162,27191000000,bracket_3_link,10.122759562,-3.98400758129e-05,5.94899167693,0.520268976623,-3.68275597919,0.567365831999
27201000000,163,27201000000,bracket_3_link,10.0839757602,-3.99036371026e-05,6.01449881702,0.521381346453,-3.68423984998,0.555957861567
27211000000,164,27211000000,bracket_3_link,10.0447285114,-3.99710461225e-05,6.07981844618,0.522507852509,-3.68806732892,0.544006514393
27221000000,165,27221000000,bracket_3_link,10.0050229642,-4.00375322068e-05,6.14493927893,0.52377615018,-3.69025069265,0.532298514719
27231000000,166,27231000000,bracket_3_link,9.96478954421,-4.00974311814e-05,6.20997042175,0.525360388577,-3.69210131791,0.520725977969
27241000000,167,27241000000,bracket_3_link,9.92386775629,-4.01445247495e-05,6.27515833126,0.527075478709,-3.69360097384,0.50906962981
27251000000,168,27251000000,bracket_3_link,9.88200233231,-4.01728211363e-05,6.34088268634,0.528806647428,-3.69584997397,0.49718917485
27261000000,169,27261000000,bracket_3_link,9.83897906014,-4.01865314806e-05,6.40743742665,0.530666262333,-3.69838067556,0.485024909818
27271000000,170,27271000000,bracket_3_link,9.79467590292,-4.01923277401e-05,6.47495847428,0.532845734755,-3.69983250608,0.472996065783
27281000000,171,27281000000,bracket_3_link,9.74902060044,-4.01944325523e-05,6.54349758001,0.535060774201,-3.70235815248,0.46046239937
27291000000,172,27291000000,bracket_3_link,9.70198391307,-4.01960211877e-05,6.6130379826,0.537954923696,-3.70257823758,0.447878141329
27301000000,173,27301000000,bracket_3_link,9.65357298967,-4.01995241741e-05,6.68350893632,0.540716105955,-3.70419782424,0.435167641608
27311000000,174,27311000000,bracket_3_link,9.60382425862,-4.02066928143e-05,6.75479997802,0.543608964739,-3.70591468022,0.422207061029
27321000000,175,27321000000,bracket_3_link,9.55279580348,-4.02186068997e-05,6.82677489349,0.546894690621,-3.70748074088,0.40907062934
27331000000,176,27331000000,bracket_3_link,9.50055918802,-4.02356996817e-05,6.89928534032,0.55042730795,-3.708479836,0.395809817239
27341000000,177,27341000000,bracket_3_link,9.4471906993,-4.02577838502e-05,6.97218408932,0.554150120048,-3.70929601743,0.382604189333
27351000000,178,27351000000,bracket_3_link,9.39276198732,-4.02840835467e-05,7.04533784376,0.558030808694,-3.71077161983,0.369144391182
27361000000,179,27361000000,bracket_3_link,9.33733009314,-4.03132717595e-05,7.11863960541,0.562233592805,-3.71154100444,0.355746663065
27371000000,180,27371000000,bracket_3_link,9.28092686186,-4.0343478249e-05,7.19202055754,0.566716499349,-3.7126560261,0.342182202598
27381000000,181,27381000000,bracket_3_link,9.2235477503,-4.03723256377e-05,7.26546144671,0.571417193565,-3.71316281682,0.328790544479
27391000000,182,27391000000,bracket_3_link,9.16514003045,-4.03969683933e-05,7.33900343145,0.576462770235,-3.71324449926,0.315351537525
27401000000,183,27401000000,bracket_3_link,9.10559139148,-4.04140879225e-05,7.41275714992,0.581669696579,-3.71393582905,0.301836171339
27411000000,184,27411000000,bracket_3_link,9.04476892126,-4.04230561376e-05,7.48684969153,0.587244204375,-3.71400758543,0.288280897453
27421000000,185,27421000000,bracket_3_link,8.98259105841,-4.04267235567e-05,7.56133724984,0.593220535008,-3.71394841294,0.274658815476
27431000000,186,27431000000,bracket_3_link,8.9190106673,-4.04271733965e-05,7.63623021037,0.599393741056,-3.7146061653,0.260839661439
27441000000,187,27441000000,bracket_3_link,8.85400778616,-4.04259843101e-05,7.7115049897,0.606185804781,-3.71311854511,0.247314065198
27451000000,188,27451000000,bracket_3_link,8.78758432301,-4.04242307337e-05,7.78711274058,0.612969236686,-3.71403518581,0.233377260757
27461000000,189,27461000000,bracket_3_link,8.71975837926,-4.04226306842e-05,7.86298778158,0.620407088176,-3.71285877233,0.21964106588
27471000000,190,27471000000,bracket_3_link,8.65055819574,-4.0421516861e-05,7.93905573321,0.62802400894,-3.713226432,0.205689491676
27481000000,191,27481000000,bracket_3_link,8.58001570314,-4.04208529698e-05,8.01524132844,0.636373956338,-3.71077881914,0.192087094704
27491000000,192,27491000000,bracket_3_link,8.50815968174,-4.04202311683e-05,8.09147587584,0.644824883632,-3.71052269035,0.178220328092
27501000000,193,27501000000,bracket_3_link,8.43500851836,-4.04189600599e-05,8.16770434742,0.653795600199,-3.70883028428,0.164658031369
27511000000,194,27511000000,bracket_3_link,8.36056257128,-4.04160094829e-05,8.24389207329,0.66307994753,-3.70784478685,0.150992901798
27521000000,195,27521000000,bracket_3_link,8.28479613468,-4.04098849606e-05,8.32003101129,0.672805293107,-3.70645989575,0.13746792177
27531000000,196,27531000000,bracket_3_link,8.20764788176,-4.03994916262e-05,8.39614669178,0.683136072582,-3.70448868929,0.124014427354
27541000000,197,27541000000,bracket_3_link,8.12890712132,-4.03774545155e-05,8.47240414575,0.693934265423,-3.70168959956,0.110792461073
27551000000,198,27551000000,bracket_3_link,8.04825152445,-4.0340411582e-05,8.54905903275,0.70509565473,-3.70008627847,0.0974610455565
27561000000,199,27561000000,bracket_3_link,7.96555471871,-4.0296635889e-05,8.62616374223,0.71685147108,-3.69841021697,0.084101292609
27571000000,200,27571000000,bracket_3_link,7.88087879291,-4.02542066004e-05,8.70359191731,0.72928602218,-3.69509351464,0.0710474192203
27581000000,201,27581000000,bracket_3_link,7.79442939003,-4.02188489319e-05,8.7810952196,0.742225538015,-3.69254704419,0.0580005526451
27591000000,202,27591000000,bracket_3_link,7.70650798812,-4.01938774282e-05,8.85835748828,0.75567002837,-3.69044927309,0.0449920066922
27601000000,203,27601000000,bracket_3_link,7.61746127487,-4.01802209753e-05,8.93504597145,0.769660152975,-3.68744841915,0.0323657251176
27611000000,204,27611000000,bracket_3_link,7.52762755845,-4.01766563719e-05,9.01085934799,0.784135596239,-3.68280773851,0.020375781358
27621000000,205,27621000000,bracket_3_link,7.43728027048,-4.01797811533e-05,9.08557236111,0.798859370984,-3.68002773979,0.00839497038951
27631000000,206,27631000000,bracket_3_link,7.34656870935,-4.01843182836e-05,9.1590769877,0.813904834074,-3.6767752034,-0.00301530083338
27641000000,207,27641000000,bracket_3_link,7.25545623062,-4.01831809399e-05,9.23142015459,0.829511114169,-3.6728637095,-0.0139490599182
27651000000,208,27651000000,bracket_3_link,7.16367315362,-4.01680996588e-05,9.30282485179,0.845518081873,-3.66885206363,-0.0246450902674
27661000000,209,27661000000,bracket_3_link,7.07097488634,-4.01408412784e-05,9.37347734304,0.86184223215,-3.66511124939,-0.034850532509
27671000000,210,27671000000,bracket_3_link,6.97730387924,-4.01074418902e-05,9.4434100821,0.878597794783,-3.66150234513,-0.0448559129326
27681000000,211,27681000000,bracket_3_link,6.88266046236,-4.00703547522e-05,9.51260996801,0.895952334771,-3.65652424537,-0.054199498449
27691000000,212,27691000000,bracket_3_link,6.78708684886,-4.00309817582e-05,9.58103416183,0.91367682288,-3.65248950082,-0.0632190439354
27701000000,213,27701000000,bracket_3_link,6.69065520438,-3.99903117948e-05,9.64862148193,0.931967965198,-3.64804140057,-0.0718521200127
27711000000,214,27711000000,bracket_3_link,6.59345511029,-3.9948744517e-05,9.71530304948,0.950526663033,-3.64294160498,-0.0800214119136
27721000000,215,27721000000,bracket_3_link,6.49558043405,-3.99062424189e-05,9.78101214307,0.969429554717,-3.63898038058,-0.0876319944305
27731000000,216,27731000000,bracket_3_link,6.39711563026,-3.98623984057e-05,9.84569324223,0.988829271462,-3.63378802294,-0.0947518593474
27741000000,217,27741000000,bracket_3_link,6.29812150454,-3.98164055064e-05,9.9093102388,1.00853565691,-3.6283060063,-0.101249325898
27751000000,218,27751000000,bracket_3_link,6.19862047,-3.97670602885e-05,9.97185380266,1.02867593389,-3.62382246564,-0.107455838805
27761000000,219,27761000000,bracket_3_link,6.09858141125,-3.97128419021e-05,10.033347839,1.04919864058,-3.61820550188,-0.112989750275
27771000000,220,27771000000,bracket_3_link,5.99794466938,-3.96530526746e-05,10.0938309833,1.06985983427,-3.61277268258,-0.117821784247
27781000000,221,27781000000,bracket_3_link,5.89670814291,-3.95892402212e-05,10.1533047497,1.09097718471,-3.60743779209,-0.122291175128
27791000000,222,27791000000,bracket_3_link,5.79488195103,-3.95217653434e-05,10.2117631935,1.11242174968,-3.6011452204,-0.126056343535
27801000000,223,27801000000,bracket_3_link,5.69247627584,-3.94506134244e-05,10.2692004695,1.13421726394,-3.59657616786,-0.129428079346
27811000000,224,27811000000,bracket_3_link,5.58950135794,-3.93759073858e-05,10.3256108339,1.15616972653,-3.59032238751,-0.131924835397
27821000000,225,27821000000,bracket_3_link,5.48596749443,-3.92975401931e-05,10.3809886456,1.17851261089,-3.58502284437,-0.133998461792
27831000000,226,27831000000,bracket_3_link,5.38188503869,-3.92155799441e-05,10.4353283671,1.20114522644,-3.5792068203,-0.135389613304
27841000000,227,27841000000,bracket_3_link,5.27726439879,-3.91300306072e-05,10.4886245641,1.22402661503,-3.57320804405,-0.136141683768
27851000000,228,27851000000,bracket_3_link,5.17211603676,-3.90408778226e-05,10.5408719076,1.24718949652,-3.56643945347,-0.136201238521
27861000000,229,27861000000,bracket_3_link,5.06645046728,-3.8948085116e-05,10.5920651725,1.27040086075,-3.56051843037,-0.135661293296
27871000000,230,27871000000,bracket_3_link,4.96027825688,-3.88516871971e-05,10.6421992396,1.29406291386,-3.55459670573,-0.134465168995
27881000000,231,27881000000,bracket_3_link,4.85361002287,-3.87516998197e-05,10.6912690957,1.31775675311,-3.54784561639,-0.132509750519
27891000000,232,27891000000,bracket_3_link,4.7464564318,-3.86481000717e-05,10.7392698335,1.34184169323,-3.54157549599,-0.129917734877
27901000000,233,27901000000,bracket_3_link,4.6388281992,-3.85408911003e-05,10.7861966533,1.36582980599,-3.53559797501,-0.126722207568
27911000000,234,27911000000,bracket_3_link,4.53073608783,-3.8430095369e-05,10.8320448621,1.39014969041,-3.52916511239,-0.122666183521
27921000000,235,27921000000,bracket_3_link,4.42219090658,-3.8315702293e-05,10.8768098751,1.4145421096,-3.52264215696,-0.118098762967
27931000000,236,27931000000,bracket_3_link,4.31320351018,-3.8197753201e-05,10.9204872165,1.43886143814,-3.51577656587,-0.112751371549
27941000000,237,27941000000,bracket_3_link,4.20378479691,-3.80761417858e-05,10.9630725177,1.46357207003,-3.50914016362,-0.106572184655
27951000000,238,27951000000,bracket_3_link,4.09394570882,-3.79509646007e-05,11.0045615211,1.48816042793,-3.50217840799,-0.0995839814273
27961000000,239,27961000000,bracket_3_link,3.98369722934,-3.78222214125e-05,11.044950077,1.51278071913,-3.49496032428,-0.0921105661121
27971000000,240,27971000000,bracket_3_link,3.87305038346,-3.76898388291e-05,11.0842341471,1.53749313879,-3.48821660968,-0.0839140473844
27981000000,241,27981000000,bracket_3_link,3.76201623579,-3.75538619876e-05,11.1224098032,1.5621250493,-3.4814541121,-0.0747432639601
27991000000,242,27991000000,bracket_3_link,3.6506058896,-3.74143378948e-05,11.1594732271,1.58688470998,-3.47452157266,-0.0650777906896
28001000000,243,28001000000,bracket_3_link,3.53883048583,-3.72711596798e-05,11.1954207131,1.61140421592,-3.46708640524,-0.0544442312344
28011000000,244,28011000000,bracket_3_link,3.42670120185,-3.71244730756e-05,11.2302486666,1.63590700445,-3.45996729695,-0.0432740378945
28021000000,245,28021000000,bracket_3_link,3.31422925016,-3.69741152564e-05,11.2639536042,1.66048229908,-3.45288830107,-0.0312458056922
28031000000,246,28031000000,bracket_3_link,3.20142587808,-3.6820201049e-05,11.2965321557,1.68473570078,-3.44527584669,-0.0183710414833
28041000000,247,28041000000,bracket_3_link,3.08830236592,-3.66626813764e-05,11.3279810634,1.7088558227,-3.43816989288,-0.00496606890326
28051000000,248,28051000000,bracket_3_link,2.97487002611,-3.65015738218e-05,11.3582971823,1.7328498581,-3.43068608183,0.00923862410055
28061000000,249,28061000000,bracket_3_link,2.86114020206,-3.6336901873e-05,11.3874774808,1.75678114322,-3.42312533902,0.0243449334067
28071000000,250,28071000000,bracket_3_link,2.7471242666,-3.61686354604e-05,11.4155190407,1.78031851718,-3.41562134108,0.0397742834811
28081000000,251,28081000000,bracket_3_link,2.63283362153,-3.59967943179e-05,11.442419058,1.80390940705,-3.40792646399,0.0563277346685
28091000000,252,28091000000,bracket_3_link,2.51827969576,-3.58213411401e-05,11.4681748428,1.82700710841,-3.40033378349,0.0734205269254
28101000000,253,28101000000,bracket_3_link,2.40347394452,-3.56423428542e-05,11.4927838192,1.84999973335,-3.39253877368,0.0911621306489
28111000000,254,28111000000,bracket_3_link,2.28842784811,-3.54597422186e-05,11.516243527,1.87245314681,-3.3847896253,0.109819146624
28121000000,255,28121000000,bracket_3_link,2.17315291099,-3.52735717056e-05,11.5385516196,1.89475713538,-3.37683254664,0.128917599604
28131000000,256,28131000000,bracket_3_link,2.05766066068,-3.50838110319e-05,11.5597058668,1.91668744138,-3.36882065691,0.149045407985
28141000000,257,28141000000,bracket_3_link,1.94196264617,-3.48905090033e-05,11.5797041526,1.93832692838,-3.36082279831,0.169528150355
28151000000,258,28151000000,bracket_3_link,1.82607043737,-3.46936602132e-05,11.5985444777,1.95953729185,-3.35267367817,0.190903389536
28160000000,259,28161000000,bracket_3_link,1.70999562314,-3.44931984034e-05,11.616224958,1.98029585762,-3.34454531268,0.212859770619
28171000000,260,28171000000,bracket_3_link,1.59374981088,-3.42891899289e-05,11.6327438248,2.00071120058,-3.33627152406,0.235479075897
28181000000,261,28181000000,bracket_3_link,1.47734462514,-3.40816465489e-05,11.6480994273,2.02062361831,-3.32768192138,0.258686416697
28191000000,262,28191000000,bracket_3_link,1.36079170613,-3.38705408102e-05,11.6622902293,2.04014198291,-3.31929062579,0.282433713712
28201000000,263,28201000000,bracket_3_link,1.24410270917,-3.36558818274e-05,11.675314812,2.05920128308,-3.31062401582,0.307018613054
28211000000,264,28211000000,bracket_3_link,1.12728930298,-3.34376978707e-05,11.6871718726,2.07772734124,-3.30189770411,0.332008713978
28221000000,265,28221000000,bracket_3_link,1.01036316895,-3.32159939157e-05,11.6978602261,2.09571737639,-3.29300137368,0.357401204466
28231000000,266,28231000000,bracket_3_link,0.893335999531,-3.29907320698e-05,11.7073788027,2.11320441037,-3.28418847861,0.383692488966
28241000000,267,28241000000,bracket_3_link,0.776219497546,-3.27619503501e-05,11.7157266515,2.13008736758,-3.2748610789,0.410727148087
28250000000,268,28251000000,bracket_3_link,0.659025374511,-3.2529684969e-05,11.7229029369,2.14642712223,-3.26584006637,0.437685861802
28261000000,269,28261000000,bracket_3_link,0.541765349733,-3.22939186917e-05,11.7289069417,2.16224466203,-3.25664008133,0.46522688096
28271000000,270,28271000000,bracket_3_link,0.424451149059,-3.20546294456e-05,11.7337380654,2.1774346154,-3.2470436162,0.493771840583
28278000000,271,28281000000,bracket_3_link,0.307094503846,-3.18119047022e-05,11.7373958253,2.19210226452,-3.23748234475,0.522663458474
28290000000,272,28291000000,bracket_3_link,0.189707149501,-3.15657121433e-05,11.7398798554,2.20611868234,-3.2278929053,0.551513197589
28301000000,273,28301000000,bracket_3_link,0.0723008246508,-3.13160567762e-05,11.7411899065,2.21951834156,-3.21807670594,0.581102984553
28311000000,274,28311000000,bracket_3_link,-0.0451127301856,-3.10629540031e-05,11.7413258487,2.2322759977,-3.20809262211,0.611164372946
28321000000,275,28321000000,bracket_3_link,-0.162521773823,-3.0806369566e-05,11.7402876684,2.24438148518,-3.19794368783,0.641568031043
28331000000,276,28331000000,bracket_3_link,-0.279914565342,-3.05463818481e-05,11.7380754681,2.25588833811,-3.18764941355,0.672383885659
28341000000,277,28341000000,bracket_3_link,-0.397279365544,-3.0282980892e-05,11.7346894706,2.2667047601,-3.17714055618,0.703587722365
28351000000,278,28351000000,bracket_3_link,-0.514604437875,-3.00162433401e-05,11.7301300135,2.27685946653,-3.16654495737,0.735032092942
28361000000,279,28361000000,bracket_3_link,-0.631878049973,-2.97461192234e-05,11.7243975534,2.28634493752,-3.15592087646,0.766432446823
28371000000,280,28371000000,bracket_3_link,-0.74908847456,-2.94726430375e-05,11.7174926629,2.29515071177,-3.14500066541,0.798647814505
28381000000,281,28381000000,bracket_3_link,-0.866223990772,-2.91958039179e-05,11.709416033,2.30335727862,-3.134017136,0.830912416284
28391000000,282,28391000000,bracket_3_link,-0.98327288515,-2.8915644545e-05,11.7001684713,2.31085529239,-3.12265714237,0.863404452109
28401000000,283,28401000000,bracket_3_link,-1.10022345294,-2.8632188338e-05,11.6897509021,2.31770321931,-3.11127824925,0.896256886808
28411000000,284,28411000000,bracket_3_link,-1.21706399928,-2.83454397998e-05,11.6781643676,2.32381208993,-3.09942333727,0.929463339917
28421000000,285,28421000000,bracket_3_link,-1.33378284028,-2.80554638398e-05,11.6654100263,2.32924753396,-3.08771992839,0.962356233219
28431000000,286,28431000000,bracket_3_link,-1.45036830408,-2.77622099706e-05,11.6514891535,2.33398183896,-3.07558528933,0.995790239826
28441000000,287,28441000000,bracket_3_link,-1.56680873237,-2.74657216586e-05,11.6364031416,2.33822930913,-3.06343763654,1.02932844857
28451000000,288,28451000000,bracket_3_link,-1.6830924809,-2.71661109723e-05,11.6201534986,2.34177040479,-3.0510479905,1.06266779017
28461000000,289,28461000000,bracket_3_link,-1.79920792159,-2.68632732745e-05,11.6027418501,2.34451389457,-3.03821514903,1.0967992291
28471000000,290,28471000000,bracket_3_link,-1.91514344274,-2.65573584493e-05,11.5841699371,2.34652383011,-3.02543707787,1.13015621736
28477000000,291,28481000000,bracket_3_link,-2.03088745104,-2.62482747465e-05,11.5644396166,2.34788543089,-3.0123442866,1.16403137007
28491000000,292,28491000000,bracket_3_link,-2.14642837202,-2.5936141898e-05,11.5435528616,2.34877227402,-2.99912712779,1.19790522455
28501000000,293,28501000000,bracket_3_link,-2.26175465194,-2.56208964312e-05,11.521511761,2.34887852923,-2.98530691721,1.23183910547
28511000000,294,28511000000,bracket_3_link,-2.37685475818,-2.5302635855e-05,11.4983185185,2.34846794154,-2.97152952531,1.26600651508
28521000000,295,28521000000,bracket_3_link,-2.49171718095,-2.49813845672e-05,11.4739754539,2.34736861275,-2.95757118385,1.29982776086
28531000000,296,28531000000,bracket_3_link,-2.60633043409,-2.4657198567e-05,11.4484850011,2.345791018,-2.94354835357,1.33342511859
28541000000,297,28541000000,bracket_3_link,-2.72068305641,-2.43300482468e-05,11.421849709,2.34341231174,-2.92915812333,1.36686400221
28551000000,298,28551000000,bracket_3_link,-2.83476361275,-2.40000201906e-05,11.3940722415,2.34029599006,-2.91430579466,1.4005865
28560000000,299,28561000000,bracket_3_link,-2.94856069527,-2.36670498543e-05,11.3651553762,2.33693458472,-2.899658807,1.4342213373
28570000000,300,28571000000,bracket_3_link,-3.06206292405,-2.33313202894e-05,11.3351020044,2.33279040344,-2.88456354848,1.46784927491
28580000000,301,28581000000,bracket_3_link,-3.17525894952,-2.29927330382e-05,11.3039151322,2.3279405377,-2.86883681075,1.50104465694
28591000000,302,28591000000,bracket_3_link,-3.28813745198,-2.2651371379e-05,11.2715978771,2.32274245385,-2.85318387281,1.53431986901
28600000000,303,28601000000,bracket_3_link,-3.40068714373,-2.23073239313e-05,11.2381534716,2.31717994005,-2.83728582545,1.56718866888
28610000000,304,28611000000,bracket_3_link,-3.51289677004,-2.19605309519e-05,11.20358526,2.31070461962,-2.8209847177,1.60024471511
28621000000,305,28621000000,bracket_3_link,-3.62475510964,-2.16111106314e-05,11.1678966991,2.3040671416,-2.80484195856,1.63289235376
28631000000,306,28631000000,bracket_3_link,-3.73625097653,-2.12591012783e-05,11.1310913575,2.29654591941,-2.78782971374,1.66511378726
28641000000,307,28641000000,bracket_3_link,-3.8473732214,-2.09045199223e-05,11.0931729163,2.28917710392,-2.77149500872,1.6972035975
28651000000,308,28651000000,bracket_3_link,-3.95811073167,-2.0547319444e-05,11.0541451664,2.28064257775,-2.75404875208,1.72953617807
28661000000,309,28661000000,bracket_3_link,-4.06845243386,-2.01876642756e-05,11.0140120116,2.27135827745,-2.7360236871,1.76131087655
28671000000,310,28671000000,bracket_3_link,-4.17838729404,-1.98255333403e-05,10.9727774647,2.26250913941,-2.71831695989,1.79323807486
28681000000,311,28681000000,bracket_3_link,-4.28791083746,-1.94611364895e-05,10.9304430918,2.25247913034,-2.7005276594,1.82377886078
28691000000,312,28691000000,bracket_3_link,-4.39708003084,-1.90956744101e-05,10.8869854684,2.24293046966,-2.68310890533,1.8547345443
28701000000,313,28701000000,bracket_3_link,-4.50594160999,-1.8728719495e-05,10.8423823695,2.23201837357,-2.66353743171,1.88582904728
28711000000,314,28711000000,bracket_3_link,-4.61448157787,-1.83591694103e-05,10.7966348854,2.22098610482,-2.64527810583,1.91611645348
28721000000,315,28721000000,bracket_3_link,-4.72264037404,-1.7986111259e-05,10.7497643145,2.2096824347,-2.62608640032,1.94648772306
28731000000,316,28731000000,bracket_3_link,-4.83032875919,-1.76090592447e-05,10.7018077373,2.19806397789,-2.60631169744,1.97654273971
28741000000,317,28741000000,bracket_3_link,-4.93744336174,-1.72278492933e-05,10.6528126648,2.18603286657,-2.58709463456,2.00548676316
28751000000,318,28751000000,bracket_3_link,-5.04388185047,-1.68426546581e-05,10.6028307707,2.17337865052,-2.56698868289,2.03491208135
28761000000,319,28761000000,bracket_3_link,-5.14955769858,-1.64541207304e-05,10.5519107201,2.16098142609,-2.54806614419,2.06355548238
28771000000,320,28771000000,bracket_3_link,-5.25441451264,-1.606310127e-05,10.5000901108,2.14828970608,-2.52715795767,2.09202211362
28781000000,321,28781000000,bracket_3_link,-5.35843989871,-1.56707108827e-05,10.4473865595,2.13496275806,-2.50653757382,2.12012269738
28791000000,322,28791000000,bracket_3_link,-5.46167975303,-1.52785525092e-05,10.3937874814,2.12198664677,-2.48621321119,2.14717673226
28801000000,323,28801000000,bracket_3_link,-5.5643574716,-1.48910673912e-05,10.3391822548,2.107813909,-2.46491745158,2.17460367644
28811000000,324,28811000000,bracket_3_link,-5.66681202615,-1.45103407911e-05,10.2833849017,2.09407474689,-2.44403010562,2.2011019724
28821000000,325,28821000000,bracket_3_link,-5.76913483922,-1.41299485297e-05,10.2263310416,2.07972839408,-2.42241274152,2.22757688115
28831000000,326,28831000000,bracket_3_link,-5.87119381236,-1.37438235339e-05,10.1680797782,2.06518897281,-2.4003974196,2.25423226336
28841000000,327,28841000000,bracket_3_link,-5.97270121073,-1.33478780229e-05,10.1087884145,2.05077585195,-2.37871955774,2.27973548668
28850000000,328,28851000000,bracket_3_link,-6.07327971458,-1.29400557369e-05,10.0486833125,2.03583294656,-2.35699114904,2.30509038622
28861000000,329,28861000000,bracket_3_link,-6.17252641221,-1.25202160697e-05,9.98802685092,2.02066802293,-2.33434527184,2.3300656133
28871000000,330,28871000000,bracket_3_link,-6.270074568,-1.2090240701e-05,9.92708051326,2.00537746341,-2.31177260697,2.354243176
28881000000,331,28881000000,bracket_3_link,-6.36565306025,-1.16536645653e-05,9.86606424423,1.99049331168,-2.28900211112,2.37789709127
28891000000,332,28891000000,bracket_3_link,-6.45914347826,-1.12158490326e-05,9.80511234263,1.97581328653,-2.26729293999,2.40057351388
28901000000,333,28901000000,bracket_3_link,-6.5506349276,-1.07835619689e-05,9.74422621506,1.96123005509,-2.24549814847,2.42260783404
28911000000,334,28911000000,bracket_3_link,-6.64046011314,-1.03646601388e-05,9.68323561156,1.9464527103,-2.22324990158,2.4444803829
28921000000,335,28921000000,bracket_3_link,-6.72890770106,-9.95677893068e-06,9.62198334488,1.93122937021,-2.20103500446,2.46511689489
28931000000,336,28931000000,bracket_3_link,-6.81605641635,-9.55361787414e-06,9.56044649422,1.91723399437,-2.17894789533,2.48554907274
28941000000,337,28941000000,bracket_3_link,-6.9019368143,-9.15299409554e-06,9.49863307761,1.90252912749,-2.15836820414,2.50518735432
28951000000,338,28951000000,bracket_3_link,-6.98654730715,-8.7537945197e-06,9.43657346493,1.88824800829,-2.1360287156,2.52498093502
28961000000,339,28961000000,bracket_3_link,-7.06986325302,-8.35521508935e-06,9.37431573577,1.87406978519,-2.1146713,2.54385620408
28971000000,340,28971000000,bracket_3_link,-7.15184573107,-7.95686789901e-06,9.31192055747,1.8593762476,-2.09190399357,2.56279501896
28981000000,341,28981000000,bracket_3_link,-7.23244999751,-7.55872888125e-06,9.24945559315,1.84456935122,-2.06985359512,2.58061542482
28991000000,342,28991000000,bracket_3_link,-7.31163361658,-7.16101529208e-06,9.18698946944,1.83067966448,-2.04828662567,2.59824004112
29001000000,343,29001000000,bracket_3_link,-7.38936426486,-6.76433643032e-06,9.12458532389,1.81677278511,-2.0258611922,2.61584433867
29011000000,344,29011000000,bracket_3_link,-7.46562721223,-6.36945398913e-06,9.06229396042,1.80313159358,-2.00515021182,2.63210775731
29021000000,345,29021000000,bracket_3_link,-7.54043247543,-5.97756126997e-06,9.00014663801,1.78935493467,-1.98337112543,2.64845477922
29031000000,346,29031000000,bracket_3_link,-7.61382165737,-5.58988832733e-06,8.93814752142,1.77576925596,-1.96310587884,2.66356009135
29041000000,347,29041000000,bracket_3_link,-7.68587577995,-5.20801966175e-06,8.87626468488,1.76176338655,-1.94089784887,2.67888623471
29051000000,348,29051000000,bracket_3_link,-7.75674895301,-4.83491542003e-06,8.81439770204,1.74825668908,-1.91964709874,2.69363832117
29061000000,349,29061000000,bracket_3_link,-7.82659965075,-4.47019935579e-06,8.75243388867,1.7355434276,-1.89915957804,2.70882008354
29071000000,350,29071000000,bracket_3_link,-7.89550624121,-4.11048103199e-06,8.69032462906,1.7223105492,-1.87684333658,2.72376530257
29081000000,351,29081000000,bracket_3_link,-7.96347802848,-3.75280015619e-06,8.62808081415,1.70968666708,-1.85756495537,2.73705436784
29091000000,352,29091000000,bracket_3_link,-8.03047075955,-3.39466216603e-06,8.56576325368,1.69573813927,-1.83501643507,2.75032435881
29101000000,353,29101000000,bracket_3_link,-8.09640157095,-3.03449124406e-06,8.50347236371,1.6830082595,-1.81455449184,2.76315123905
29111000000,354,29111000000,bracket_3_link,-8.16116336363,-2.6715729724e-06,8.4413371631,1.67004450146,-1.79338591824,2.77660389866
29121000000,355,29121000000,bracket_3_link,-8.22463858879,-2.30558625636e-06,8.37950359848,1.65717001047,-1.77235312506,2.78897348128
29131000000,356,29131000000,bracket_3_link,-8.2867124381,-1.93708346119e-06,8.31812222682,1.64518588383,-1.75223842127,2.80099759892
29140000000,357,29141000000,bracket_3_link,-8.3472854388,-1.56734834422e-06,8.25733529414,1.63288454014,-1.73241739518,2.81220444253
29150000000,358,29151000000,bracket_3_link,-8.40628547542,-1.19769304541e-06,8.19726325225,1.62077819854,-1.71201011317,2.82353846784
29161000000,359,29161000000,bracket_3_link,-8.46367924884,-8.30444305544e-07,8.13799077557,1.60957612279,-1.69241170688,2.83498872982
29171000000,360,29171000000,bracket_3_link,-8.51948322704,-4.6827220368e-07,8.07955232737,1.59906947654,-1.67290135716,2.8458121389
29180000000,361,29181000000,bracket_3_link,-8.57377411066,-1.14227999726e-07,8.02191733503,1.58783016927,-1.65442421234,2.85532826319
29191000000,362,29191000000,bracket_3_link,-8.62669887173,2.28442783801e-07,7.96497500095,1.57601251965,-1.6354818385,2.86540719078
29201000000,363,29201000000,bracket_3_link,-8.67850393844,5.54641724104e-07,7.90849729883,1.56542275486,-1.61681048283,2.87490902742
29212000000,364,29211000000,bracket_3_link,-8.7294988546,8.62367352639e-07,7.85217229828,1.55456797531,-1.59767371367,2.88441529937
29221000000,365,29221000000,bracket_3_link,-8.77989514805,1.15699479064e-06,7.79578098394,1.54405743459,-1.5799229494,2.89327566289
29231000000,366,29231000000,bracket_3_link,-8.82979792283,1.44466309937e-06,7.73921368746,1.53330272404,-1.56121445123,2.90274614908
29241000000,367,29241000000,bracket_3_link,-8.87922285948,1.7304247466e-06,7.68245801529,1.52273926476,-1.54219478093,2.91148110682
29251000000,368,29251000000,bracket_3_link,-8.92811265127,2.01855313753e-06,7.62558614969,1.51190762353,-1.52394907004,2.91990337791
29261000000,369,29261000000,bracket_3_link,-8.97635286809,2.31182667765e-06,7.56874155571,1.50193593531,-1.50633000673,2.92806341958
29271000000,370,29271000000,bracket_3_link,-9.02378722765,2.61239314225e-06,7.51212510117,1.49167216205,-1.48699035596,2.9363741858
29281000000,371,29281000000,bracket_3_link,-9.07023223914,2.92121270995e-06,7.45598058786,1.48143844129,-1.4691842411,2.94470112019
29290000000,372,29291000000,bracket_3_link,-9.11549118408,3.23849573958e-06,7.40057969534,1.47140449905,-1.45052837228,2.95261218329
29301000000,373,29301000000,bracket_3_link,-9.15936742248,3.56357583486e-06,7.34620635063,1.46197112655,-1.43321352781,2.9600551089
29310000000,374,29311000000,bracket_3_link,-9.20167702807,3.89489998165e-06,7.29314055762,1.45247609678,-1.41702053488,2.96651520561
29321000000,375,29321000000,bracket_3_link,-9.24226078132,4.23028872776e-06,7.24164173276,1.44369137073,-1.39996514535,2.97415019161
29330000000,376,29331000000,bracket_3_link,-9.28099558025,4.56694037743e-06,7.19193161801,1.43542156138,-1.38452889783,2.98006931098
29341000000,377,29341000000,bracket_3_link,-9.3178053512,4.90142178888e-06,7.14417684711,1.42649850106,-1.36808836456,2.98650358577
29351000000,378,29351000000,bracket_3_link,-9.35267155673,5.22962353511e-06,7.0984712563,1.41885676801,-1.35379716593,2.99236744127
29361000000,379,29361000000,bracket_3_link,-9.38564340748,5.54709932254e-06,7.05481801941,1.41162040649,-1.3393944604,2.99740829406
29371000000,380,29371000000,bracket_3_link,-9.41684787832,5.84901757605e-06,7.01311168652,1.40445780595,-1.32752864243,3.00273909516
29381000000,381,29381000000,bracket_3_link,-9.44649959403,6.12994424198e-06,6.97312017149,1.39793842398,-1.31506790868,3.00707088797
29391000000,382,29391000000,bracket_3_link,-9.47491061244,6.3845530498e-06,6.93446669872,1.39140181257,-1.30257928272,3.01184218786
29401000000,383,29401000000,bracket_3_link,-9.50243125136,6.61190242512e-06,6.89670644615,1.38504681869,-1.29021661881,3.01681456892
29407000000,384,29411000000,bracket_3_link,-9.52920273695,6.8258084478e-06,6.85966869903,1.37898517026,-1.27843698942,3.02100987228
29421000000,385,29421000000,bracket_3_link,-9.55529533899,7.03142244429e-06,6.8232756366,1.37187107097,-1.26682951674,3.02401838321
29431000000,386,29431000000,bracket_3_link,-9.58077053232,7.22999301317e-06,6.7874586856,1.36732453066,-1.25651988808,3.02915005876
29441000000,387,29441000000,bracket_3_link,-9.60568155972,7.42249426766e-06,6.75215825755,1.3604092678,-1.24409174132,3.03255344476
29451000000,388,29451000000,bracket_3_link,-9.63007396252,7.60949699297e-06,6.71732348468,1.35585632842,-1.23371584417,3.03567606343
29461000000,389,29461000000,bracket_3_link,-9.65398608358,7.79180833588e-06,6.68291193847,1.34978109257,-1.22300446586,3.03982619453
29471000000,390,29471000000,bracket_3_link,-9.6774495552,7.96993826802e-06,6.648889332,1.34406017834,-1.21221992037,3.04317634488
29481000000,391,29481000000,bracket_3_link,-9.70048976894,8.14447622544e-06,6.61522920581,1.33805330654,-1.20113175445,3.04700805283
29490000000,392,29491000000,bracket_3_link,-9.72312633076,8.31589427941e-06,6.58191260346,1.33268752416,-1.19051139615,3.05054355498
29507000000,393,29501000000,bracket_3_link,-9.74537350169,8.48466615588e-06,6.54892773133,1.32744301655,-1.18035275537,3.0538638884
29510000000,394,29511000000,bracket_3_link,-9.76724062577,8.65111271819e-06,6.51626961019,1.32203415347,-1.17061033358,3.05737880287
29521000000,395,29521000000,bracket_3_link,-9.78873254361,8.81571086842e-06,6.48393971465,1.31776560529,-1.1605132396,3.06006529498
29531000000,396,29531000000,bracket_3_link,-9.80984999619,8.97860356064e-06,6.45194560172,1.31214309649,-1.15008468698,3.06367797337
29541000000,397,29541000000,bracket_3_link,-9.83059001462,9.14012768805e-06,6.42030053245,1.3073746941,-1.14095132089,3.06671585012
29551000000,398,29551000000,bracket_3_link,-9.85094629849,9.30050196413e-06,6.3890230825,1.30247809779,-1.13136668953,3.06974694097
29562000000,399,29561000000,bracket_3_link,-9.87090958408,9.45989563972e-06,6.35813674495,1.29699136937,-1.12011143661,3.07250149082
29571000000,400,29571000000,bracket_3_link,-9.89046799928,9.61834188251e-06,6.3276695243,1.29250303545,-1.11133249979,3.07565714794
29582000000,401,29581000000,bracket_3_link,-9.90960740639,9.77594822338e-06,6.29765352145,1.2879720151,-1.10255280668,3.07871804579
29591000000,402,29591000000,bracket_3_link,-9.92831173443,9.93281163497e-06,6.26812451234,1.28306794788,-1.09259343672,3.08128965159
29601000000,403,29601000000,bracket_3_link,-9.94656329922,1.00889519921e-05,6.2391215163,1.27869095872,-1.08323220599,3.08446115749
29611000000,404,29611000000,bracket_3_link,-9.96434311261,1.02443437218e-05,6.21068636067,1.2738571925,-1.07466765213,3.08595733515
29621000000,405,29621000000,bracket_3_link,-9.98163117728,1.03988624685e-05,6.18286323284,1.26900801381,-1.06522225448,3.0887560087
29631000000,406,29631000000,bracket_3_link,-9.99840677296,1.0552473336e-05,6.1556982296,1.26607412353,-1.05851951882,3.09132027493
29641000000,407,29641000000,bracket_3_link,-10.0146487306,1.07050606899e-05,6.12923889803,1.26145620431,-1.04889555608,3.09323676078
29651000000,408,29651000000,bracket_3_link,-10.0303356957,1.0856558923e-05,6.10353376994,1.25771834031,-1.04250253071,3.09623691427
29660000000,409,29661000000,bracket_3_link,-10.0454463792,1.10066280867e-05,6.0786318917,1.25468677776,-1.03474069923,3.09814946643
29671000000,410,29671000000,bracket_3_link,-10.059959803,1.11552238291e-05,6.05458234596,1.25068178619,-1.02761517867,3.09994026898
29681000000,411,29681000000,bracket_3_link,-10.0738555311,1.13021207575e-05,6.03143377193,1.24620093122,-1.01829251826,3.10250615858
29691000000,412,29691000000,bracket_3_link,-10.0871138974,1.14470706745e-05,6.00923387916,1.24349219472,-1.01285800078,3.10363603093
29701000000,413,29701000000,bracket_3_link,-10.0997162228,1.15898632256e-05,5.98802895792,1.23995668358,-1.00542227605,3.10618189733
29710000000,414,29711000000,bracket_3_link,-10.1116450276,1.17301677158e-05,5.96786338756,1.23673671678,-0.999440831945,3.10776334633
29721000000,415,29721000000,bracket_3_link,-10.1228842381,1.18677600192e-05,5.94877914143,1.23405460183,-0.993377946162,3.1086584767
29731000000,416,29731000000,bracket_3_link,-10.1334193908,1.20022778667e-05,5.93081529094,1.23118523004,-0.987501909894,3.11040321034
29741000000,417,29741000000,bracket_3_link,-10.1432378335,1.21335669037e-05,5.91400750901,1.22891572539,-0.983049999478,3.11106171284
29751000000,418,29751000000,bracket_3_link,-10.1523289251,1.22611360927e-05,5.89838757249,1.22701609732,-0.978374795772,3.11316266772
29761000000,419,29761000000,bracket_3_link,-10.1606842373,1.23848179725e-05,5.88398286736,1.22445047116,-0.973010314355,3.11405023815
29771000000,420,29771000000,bracket_3_link,-10.1682977583,1.2504194757e-05,5.87081589333,1.22277718639,-0.969290698114,3.11488599368
29781000000,421,29781000000,bracket_3_link,-10.1751660988,1.26190299778e-05,5.85890377229,1.22095439341,-0.966341614159,3.11677163673
29792000000,422,29791000000,bracket_3_link,-10.1812887067,1.27289169463e-05,5.84825775976,1.21951086354,-0.962293239742,3.11707041648
29801000000,423,29801000000,bracket_3_link,-10.186668085,1.28336287766e-05,5.83888275905,1.21802153399,-0.959750139087,3.11783983939
29811000000,424,29811000000,bracket_3_link,-10.1913100217,1.29327840854e-05,5.83077684283,1.21620784214,-0.957173498389,3.11813817933
29821000000,425,29821000000,bracket_3_link,-10.1952238259,1.3026102017e-05,5.82393077662,1.21584952488,-0.955626778313,3.11829226076
29831000000,426,29831000000,bracket_3_link,-10.1984225775,1.31131114163e-05,5.8183275504,1.21532512813,-0.954071896213,3.11881732173
29841000000,427,29841000000,bracket_3_link,-10.2009233873,1.31936408496e-05,5.81394191552,1.21472865125,-0.952529835328,3.12052928992
29850000000,428,29851000000,bracket_3_link,-10.2027476702,1.32675257984e-05,5.81073993019,1.21346730257,-0.950777672853,3.11999301543
29860000000,429,29861000000,bracket_3_link,-10.2039214298,1.33342983615e-05,5.8086785078,1.21337854583,-0.950341921083,3.12013182033
29870000000,430,29871000000,bracket_3_link,-10.2044755595,1.33938369138e-05,5.80770497735,1.21322392111,-0.949979547141,3.11972474346
29880000000,431,29881000000,bracket_3_link,-10.2045322625,1.3437891984e-05,5.80760534619,1.21358723351,-0.950523268417,3.11975695859
29891000000,432,29891000000,bracket_3_link,-10.2045322903,1.34453649925e-05,5.80760529712,1.21314745288,-0.950459839994,3.11916847707
29901000000,433,29901000000,bracket_3_link,-10.2045322934,1.34459591656e-05,5.80760529187,1.21356048633,-0.949944981513,3.11973272257
29910000000,434,29911000000,bracket_3_link,-10.2045322937,1.34458615229e-05,5.8076052913,1.21320807392,-0.950001133297,3.11976573812
29920000000,435,29921000000,bracket_3_link,-10.2045322939,1.34456050604e-05,5.80760529122,1.21311141437,-0.949650656117,3.1200365821
29931000000,436,29931000000,bracket_3_link,-10.2045322939,1.34454258882e-05,5.80760529118,1.21350498728,-0.950158462147,3.12013047282
29941000000,437,29941000000,bracket_3_link,-10.2045322938,1.34451331855e-05,5.80760529111,1.21371378541,-0.950680906904,3.12027151703
29951000000,438,29951000000,bracket_3_link,-10.2045322938,1.34449170299e-05,5.80760529097,1.21306118605,-0.949827837104,3.11981629294
29960000000,439,29961000000,bracket_3_link,-10.2045322939,1.3444691815e-05,5.80760529137,1.21374473388,-0.950157107179,3.11984995697
29971000000,440,29971000000,bracket_3_link,-10.2045322938,1.34444793494e-05,5.80760529121,1.21320442194,-0.950556296823,3.1196120746
29981000000,441,29981000000,bracket_3_link,-10.2045322937,1.34442629083e-05,5.80760529108,1.21353715857,-0.950752910351,3.1199982318
29991000000,442,29991000000,bracket_3_link,-10.2045322938,1.3443998224e-05,5.807605291,1.21340824261,-0.950620569437,3.11987829613
30001000000,443,30001000000,bracket_3_link,-10.2045322939,1.34437909298e-05,5.80760529115,1.21348868047,-0.950115734969,3.12030055085
30010000000,444,30011000000,bracket_3_link,-10.2045322938,1.34435407499e-05,5.80760529118,1.21414695953,-0.950835955913,3.12077986775
30021000000,445,30021000000,bracket_3_link,-10.2045322938,1.34433702965e-05,5.80760529118,1.21320768694,-0.949486635564,3.11997397863
30031000000,446,30031000000,bracket_3_link,-10.2045322936,1.34431276266e-05,5.80760529123,1.21303851114,-0.948065882057,3.11980947524
30041000000,447,30041000000,bracket_3_link,-10.2045322937,1.34429524246e-05,5.8076052912,1.21293181488,-0.950184868841,3.11922601226
30051000000,448,30051000000,bracket_3_link,-10.2045322938,1.34426580805e-05,5.80760529137,1.21369157569,-0.95073828776,3.11932953069
30061000000,449,30061000000,bracket_3_link,-10.2045322938,1.34424442311e-05,5.80760529135,1.21357598782,-0.950627581356,3.11969805809
30071000000,450,30071000000,bracket_3_link,-10.2045322937,1.34422800482e-05,5.80760529125,1.2131430063,-0.950750632067,3.11960816686
30081000000,451,30081000000,bracket_3_link,-10.2045322938,1.34419567992e-05,5.80760529112,1.2133306028,-0.950590457721,3.11989305894
30091000000,452,30091000000,bracket_3_link,-10.2045322935,1.34417545974e-05,5.80760529124,1.21375789243,-0.95039291914,3.11966331871
30101000000,453,30101000000,bracket_3_link,-10.2045322936,1.34415757422e-05,5.80760529135,1.21296156019,-0.949382321054,3.11946938111
30109000000,454,30111000000,bracket_3_link,-10.2045322936,1.34412921762e-05,5.80760529135,1.21311370322,-0.949465544287,3.12032769327
30121000000,455,30121000000,bracket_3_link,-10.2045322936,1.34410650405e-05,5.80760529127,1.21366101781,-0.95057362036,3.12010248472
30131000000,456,30131000000,bracket_3_link,-10.2045322937,1.34408158141e-05,5.80760529129,1.21331480117,-0.949589845399,3.12012820397
30140000000,457,30141000000,bracket_3_link,-10.2045322937,1.34405160805e-05,5.80760529127,1.21389538913,-0.950437330347,3.12059469939
30151000000,458,30151000000,bracket_3_link,-10.2045322938,1.34403606831e-05,5.80760529123,1.21359063579,-0.9507713706,3.12011379842
30160000000,459,30161000000,bracket_3_link,-10.204532294,1.34401024452e-05,5.8076052916,1.21395122851,-0.950516545004,3.12033587549
30171000000,460,30171000000,bracket_3_link,-10.2045322936,1.34399624372e-05,5.80760529154,1.21305573492,-0.949445954491,3.11973144117
30179000000,461,30181000000,bracket_3_link,-10.2045322937,1.34396812745e-05,5.80760529162,1.21334316051,-0.949197174078,3.1199539323
30191000000,462,30191000000,bracket_3_link,-10.2045322938,1.343945438e-05,5.80760529145,1.21347512587,-0.950136900132,3.11975082226
30201000000,463,30201000000,bracket_3_link,-10.2045322936,1.34392707287e-05,5.80760529127,1.21374232082,-0.950896192173,3.11976754694
30211000000,464,30211000000,bracket_3_link,-10.2045322936,1.34390003499e-05,5.80760529127,1.21379284721,-0.951482210334,3.12040387765
30221000000,465,30221000000,bracket_3_link,-10.2045322936,1.34387584323e-05,5.80760529141,1.21361403951,-0.950663901242,3.12029279824
30231000000,466,30231000000,bracket_3_link,-10.2045322937,1.34385183976e-05,5.80760529134,1.21335925538,-0.949774743483,3.12022185581
30241000000,467,30241000000,bracket_3_link,-10.2045322935,1.34383123269e-05,5.80760529147,1.21353572147,-0.950120117216,3.11961709045
30251000000,468,30251000000,bracket_3_link,-10.2045322936,1.34381247747e-05,5.8076052914,1.21403410363,-0.951210479876,3.11987012337
30261000000,469,30261000000,bracket_3_link,-10.2045322934,1.34378546579e-05,5.80760529148,1.21394120994,-0.950602663327,3.12017447722
30271000000,470,30271000000,bracket_3_link,-10.2045322936,1.34376088075e-05,5.80760529137,1.2135080317,-0.949650271701,3.12033989769
30281000000,471,30281000000,bracket_3_link,-10.2045322937,1.34373558338e-05,5.80760529146,1.21370982873,-0.950619548907,3.12039289057
30291000000,472,30291000000,bracket_3_link,-10.2045322936,1.34371548217e-05,5.80760529141,1.21313479425,-0.949148848579,3.12028745042
30301000000,473,30301000000,bracket_3_link,-10.2045322938,1.34368906082e-05,5.80760529159,1.21386826564,-0.951735074172,3.1204656896
30311000000,474,30311000000,bracket_3_link,-10.2045322936,1.34367313174e-05,5.80760529146,1.21327258465,-0.950128440576,3.1194369529
30321000000,475,30321000000,bracket_3_link,-10.2045322936,1.34364849407e-05,5.80760529152,1.21299196339,-0.949221585367,3.12017822832
30331000000,476,30331000000,bracket_3_link,-10.2045322937,1.34362967192e-05,5.80760529159,1.2129457837,-0.948894761354,3.11976720356
30341000000,477,30341000000,bracket_3_link,-10.2045322934,1.34360537638e-05,5.80760529153,1.21365146522,-0.949688159194,3.12015335373
30351000000,478,30351000000,bracket_3_link,-10.2045322936,1.34358085737e-05,5.80760529161,1.21409645945,-0.950657816403,3.12045139472
30361000000,479,30361000000,bracket_3_link,-10.2045322937,1.34355919554e-05,5.80760529158,1.213634418,-0.950202799114,3.12026363566
30371000000,480,30371000000,bracket_3_link,-10.2045322935,1.34353825052e-05,5.80760529164,1.21351590706,-0.950389599765,3.11947829936
30381000000,481,30381000000,bracket_3_link,-10.2045322934,1.34351494658e-05,5.80760529149,1.21344162971,-0.95100654534,3.11944205005
30391000000,482,30391000000,bracket_3_link,-10.2045322936,1.34349272707e-05,5.80760529161,1.21335384379,-0.949732362014,3.11985400151
30401000000,483,30401000000,bracket_3_link,-10.2045322935,1.34347504472e-05,5.80760529159,1.21298673023,-0.949793246765,3.11942704504
30411000000,484,30411000000,bracket_3_link,-10.2045322936,1.34345045391e-05,5.80760529169,1.21300833712,-0.950270728657,3.11924489416
30421000000,485,30421000000,bracket_3_link,-10.2045322935,1.34342591025e-05,5.80760529158,1.21318020042,-0.949711126414,3.11964160295
30431000000,486,30431000000,bracket_3_link,-10.2045322935,1.34339601243e-05,5.80760529146,1.21352350356,-0.949414399494,3.12065940737
30441000000,487,30441000000,bracket_3_link,-10.2045322937,1.34337389208e-05,5.80760529155,1.21328053029,-0.949473254164,3.12022481127
30451000000,488,30451000000,bracket_3_link,-10.2045322937,1.34335209028e-05,5.80760529174,1.21365103124,-0.949998750893,3.11998174495
30461000000,489,30461000000,bracket_3_link,-10.2045322935,1.34333060511e-05,5.8076052916,1.21345084263,-0.950403264715,3.11992590245
30471000000,490,30471000000,bracket_3_link,-10.2045322934,1.34330996935e-05,5.80760529154,1.21412317813,-0.950528925651,3.1201372452
30481000000,491,30481000000,bracket_3_link,-10.2045322936,1.34328679899e-05,5.80760529174,1.21366962988,-0.950275047648,3.11965605681
30491000000,492,30491000000,bracket_3_link,-10.2045322936,1.34326660803e-05,5.80760529161,1.21281913317,-0.950379548818,3.11906554614
30501000000,493,30501000000,bracket_3_link,-10.2045322936,1.34324238483e-05,5.80760529176,1.21348110164,-0.950377352453,3.11950062231
30509000000,494,30511000000,bracket_3_link,-10.2045322935,1.34321742311e-05,5.80760529167,1.2134177836,-0.950714913119,3.11954869877
30520000000,495,30521000000,bracket_3_link,-10.2045322935,1.34319932328e-05,5.80760529183,1.21369177061,-0.951134689192,3.11905976447
30531000000,496,30531000000,bracket_3_link,-10.2045322935,1.34317176874e-05,5.80760529157,1.21349492868,-0.950652976509,3.11984871728
30541000000,497,30541000000,bracket_3_link,-10.2045322933,1.34314911597e-05,5.80760529167,1.21402257255,-0.95010692326,3.11989387336
30551000000,498,30551000000,bracket_3_link,-10.2045322936,1.34312202045e-05,5.80760529162,1.21367761707,-0.950118679339,3.12077983379
30561000000,499,30561000000,bracket_3_link,-10.2045322934,1.34310332931e-05,5.80760529179,1.21389792095,-0.950770823737,3.11967248284
30571000000,500,30571000000,bracket_3_link,-10.2045322936,1.34308312618e-05,5.80760529177,1.21341755324,-0.949704932375,3.12010831961
30581000000,501,30581000000,bracket_3_link,-10.2045322936,1.34305548682e-05,5.80760529193,1.21348587652,-0.950421771427,3.12004163344
30591000000,502,30591000000,bracket_3_link,-10.2045322934,1.3430350152e-05,5.80760529184,1.21379818949,-0.950144643798,3.1206139967
30601000000,503,30601000000,bracket_3_link,-10.2045322933,1.34301406711e-05,5.80760529175,1.2130044198,-0.95010845699,3.11958801586
30611000000,504,30611000000,bracket_3_link,-10.2045322934,1.34299469545e-05,5.80760529185,1.21333439473,-0.950364015173,3.11912556664
30620000000,505,30621000000,bracket_3_link,-10.2045322934,1.34297311849e-05,5.8076052918,1.21321149204,-0.950322054913,3.1193551375
30631000000,506,30631000000,bracket_3_link,-10.2045322933,1.34294390417e-05,5.8076052917,1.21342646217,-0.950765776559,3.11978095726
30641000000,507,30641000000,bracket_3_link,-10.2045322934,1.34292126308e-05,5.80760529168,1.21309463376,-0.949970535171,3.12008490032
30651000000,508,30651000000,bracket_3_link,-10.2045322936,1.34289932183e-05,5.80760529181,1.21334405695,-0.949572074174,3.12022084081
30661000000,509,30661000000,bracket_3_link,-10.2045322937,1.34287470814e-05,5.80760529201,1.21343290406,-0.949575039539,3.12038367949
30671000000,510,30671000000,bracket_3_link,-10.2045322932,1.34285489723e-05,5.80760529172,1.21374270014,-0.9508664213,3.11951096366
30681000000,511,30681000000,bracket_3_link,-10.2045322933,1.34282933431e-05,5.8076052917,1.21352256835,-0.951101991319,3.1197738093
30691000000,512,30691000000,bracket_3_link,-10.2045322932,1.34280920943e-05,5.8076052918,1.21369890495,-0.950067440055,3.11977494513
30701000000,513,30701000000,bracket_3_link,-10.2045322934,1.34278800177e-05,5.80760529182,1.21276464705,-0.949649147448,3.11970480007
30711000000,514,30711000000,bracket_3_link,-10.2045322933,1.34276430011e-05,5.80760529178,1.21312117946,-0.949653419071,3.11965885446
30721000000,515,30721000000,bracket_3_link,-10.2045322933,1.3427414804e-05,5.80760529194,1.21353556569,-0.950603131936,3.12001309064
30731000000,516,30731000000,bracket_3_link,-10.2045322935,1.34271868775e-05,5.80760529205,1.21377258667,-0.951470216129,3.11958474604
30740000000,517,30741000000,bracket_3_link,-10.2045322936,1.34269776968e-05,5.8076052919,1.2134289824,-0.950481470676,3.12002331204
30752000000,518,30751000000,bracket_3_link,-10.2045322936,1.34267088572e-05,5.80760529203,1.21343594553,-0.949491902385,3.12025009763
30761000000,519,30761000000,bracket_3_link,-10.2045322934,1.34264163965e-05,5.80760529193,1.2135605978,-0.949351259114,3.1213293354
30771000000,520,30771000000,bracket_3_link,-10.2045322933,1.34262140348e-05,5.80760529198,1.21353667591,-0.949874643922,3.12029398674
30781000000,521,30781000000,bracket_3_link,-10.2045322934,1.34260434161e-05,5.80760529196,1.21400490277,-0.951499845238,3.1199819604
30791000000,522,30791000000,bracket_3_link,-10.2045322932,1.34258029116e-05,5.807605292,1.21332382945,-0.950060829631,3.11981442526
30801000000,523,30801000000,bracket_3_link,-10.2045322934,1.34255655815e-05,5.807605292,1.21382385203,-0.950402272207,3.12002678411
30811000000,524,30811000000,bracket_3_link,-10.2045322934,1.34253553834e-05,5.80760529211,1.21404804451,-0.950682827082,3.12018277935
30821000000,525,30821000000,bracket_3_link,-10.2045322933,1.34251180497e-05,5.80760529219,1.2141519726,-0.950511014681,3.11993347863
30831000000,526,30831000000,bracket_3_link,-10.2045322935,1.34249194401e-05,5.80760529214,1.21278102336,-0.949690227779,3.12023125364
30841000000,527,30841000000,bracket_3_link,-10.2045322932,1.34246690497e-05,5.80760529205,1.21382898063,-0.950578412542,3.1200826559
30851000000,528,30851000000,bracket_3_link,-10.2045322934,1.34244462151e-05,5.8076052921,1.21355637536,-0.950627161169,3.11979312874
30861000000,529,30861000000,bracket_3_link,-10.2045322931,1.34241710668e-05,5.80760529206,1.21376564607,-0.950291460478,3.12056451691
30871000000,530,30871000000,bracket_3_link,-10.2045322932,1.34239442771e-05,5.80760529197,1.21330310947,-0.949850939584,3.12012861262
30881000000,531,30881000000,bracket_3_link,-10.2045322932,1.34237353984e-05,5.80760529211,1.21383412523,-0.950011549287,3.12055144271
30891000000,532,30891000000,bracket_3_link,-10.2045322935,1.34234776223e-05,5.80760529204,1.21335535982,-0.950245519181,3.12046409219
30901000000,533,30901000000,bracket_3_link,-10.2045322936,1.34233213216e-05,5.80760529232,1.2132395742,-0.949472992471,3.11986696858
30910000000,534,30911000000,bracket_3_link,-10.2045322932,1.34230884163e-05,5.80760529202,1.2124426755,-0.949247265121,3.11954382793
30921000000,535,30921000000,bracket_3_link,-10.2045322934,1.3422865039e-05,5.80760529217,1.21288457131,-0.949320190695,3.11952198849
30931000000,536,30931000000,bracket_3_link,-10.2045322932,1.34226577209e-05,5.80760529211,1.21352758436,-0.950681982485,3.11942338831
30941000000,537,30941000000,bracket_3_link,-10.2045322933,1.34223866004e-05,5.80760529208,1.21382784524,-0.951506065931,3.11965434343
30951000000,538,30951000000,bracket_3_link,-10.2045322931,1.34221780437e-05,5.80760529198,1.21384199284,-0.950829309202,3.1201497152
30961000000,539,30961000000,bracket_3_link,-10.2045322933,1.34219011962e-05,5.80760529221,1.21328593897,-0.949658798108,3.1198315604
30971000000,540,30971000000,bracket_3_link,-10.2045322931,1.34217273855e-05,5.80760529215,1.21314376243,-0.949697917692,3.119705433
30981000000,541,30981000000,bracket_3_link,-10.204532293,1.34214758614e-05,5.80760529207,1.21328769665,-0.949873509216,3.11988243875
30991000000,542,30991000000,bracket_3_link,-10.204532293,1.34212443692e-05,5.8076052922,1.21388152601,-0.950531470297,3.12007391937
31001000000,543,31001000000,bracket_3_link,-10.2045322933,1.34209648652e-05,5.80760529224,1.21415920463,-0.951347778218,3.12033725869
31011000000,544,31011000000,bracket_3_link,-10.2045322933,1.34208150011e-05,5.80760529217,1.21312990067,-0.949418450193,3.12042675246
31021000000,545,31021000000,bracket_3_link,-10.2045322934,1.34205808031e-05,5.80760529221,1.2129695982,-0.950234071292,3.11959250035
31030000000,546,31031000000,bracket_3_link,-10.2045322931,1.34203041702e-05,5.80760529218,1.21405435129,-0.95140335759,3.11996761464
31041000000,547,31041000000,bracket_3_link,-10.2045322931,1.34201457671e-05,5.80760529223,1.2134113577,-0.950352894374,3.11952477888
